Data;Retornos
25/04/2014;-0,032609
26/04/2014;-0,002847
27/04/2014;0,009459
28/04/2014;-0,001099
29/04/2014;0,03202
30/04/2014;-0,014139
01/05/2014;-0,033668
02/05/2014;-0,005945
03/05/2014;-0,01195
04/05/2014;0,003059
05/05/2014;0,032686
06/05/2014;-0,012257
07/05/2014;0,009791
08/05/2014;0,014376
09/05/2014;-0,042192
10/05/2014;0,011429
11/05/2014;-0,009838
12/05/2014;0,019874
13/05/2014;0,012282
14/05/2014;0,012265
15/05/2014;-0,001853
16/05/2014;-0,00587
17/05/2014;-0,013959
18/05/2014;0,087663
19/05/2014;0,008773
20/05/2014;0,05283
21/05/2014;0,005283
22/05/2014;0,004564
23/05/2014;0,091695
24/05/2014;0,02008
25/05/2014;-0,020676
26/05/2014;0,001297
27/05/2014;-0,01131
28/05/2014;0,081505
29/05/2014;0,025093
30/05/2014;0,034252
31/05/2014;0,008734
01/06/2014;0,021044
02/06/2014;-0,046632
03/06/2014;0,032718
04/06/2014;-0,01491
05/06/2014;0,001935
06/06/2014;-0,000952
07/06/2014;-0,010344
08/06/2014;0,017339
09/06/2014;-0,019514
10/06/2014;-0,073932
11/06/2014;0,021898
12/06/2014;-0,045125
13/06/2014;-0,001939
14/06/2014;0,028427
15/06/2014;0,009982
16/06/2014;0,001849
17/06/2014;-0,010014
18/06/2014;-0,01582
19/06/2014;0,010591
20/06/2014;0,010961
21/06/2014;-0,020841
22/06/2014;-0,004068
23/06/2014;-0,035122
24/06/2014;0,024759
25/06/2014;0,032967
26/06/2014;-0,007785
27/06/2014;0,00584
28/06/2014;0,055151
29/06/2014;0,012595
30/06/2014;0,003926
01/07/2014;-0,011981
02/07/2014;-0,022299
03/07/2014;-0,001604
04/07/2014;0,005906
05/07/2014;-0,021045
06/07/2014;0,002799
07/07/2014;0,012404
08/07/2014;-0,007427
09/07/2014;0,023193
10/07/2014;0,004729
11/07/2014;-0,012453
12/07/2014;-0,015582
13/07/2014;0,002068
14/07/2014;-0,007777
15/07/2014;0,018979
16/07/2014;0,001419
17/07/2014;-0,000686
18/07/2014;-0,009711
19/07/2014;0,006661
20/07/2014;-0,004168
21/07/2014;-0,00135
22/07/2014;-0,0324
23/07/2014;-0,002279
24/07/2014;-0,007522
25/07/2014;-0,001629
26/07/2014;-0,012004
27/07/2014;-0,003681
28/07/2014;-0,036739
29/07/2014;0,04312
30/07/2014;0,015586
31/07/2014;-0,011861
01/08/2014;-0,004709
02/08/2014;0,006482
03/08/2014;-0,006788
04/08/2014;0,001714
05/08/2014;0,005124
06/08/2014;0,005132
07/08/2014;-0,01068
08/08/2014;0,004299
09/08/2014;-0,027691
10/08/2014;-0,014394
11/08/2014;-0,046072
12/08/2014;-0,071288
13/08/2014;-0,016679
14/08/2014;0,050204
15/08/2014;-0,072507
16/08/2014;-0,049225
17/08/2014;0,048442
18/08/2014;0,063221
19/08/2014;0,002242
20/08/2014;-0,003559
21/08/2014;-0,036343
22/08/2014;0,023885
23/08/2014;-0,013391
24/08/2014;0,018967
25/08/2014;0,005196
26/08/2014;-0,008733
27/08/2014;0,003538
28/08/2014;-0,01296
29/08/2014;-0,04897
30/08/2014;-0,009573
31/08/2014;0,003661
01/09/2014;0,002294
02/09/2014;0,022554
03/09/2014;-0,015062
04/09/2014;0,001694
05/09/2014;0,002639
06/09/2014;-0,020928
07/09/2014;-0,001662
08/09/2014;0,010057
09/09/2014;-0,002526
10/09/2014;-0,00159
11/09/2014;0,000921
12/09/2014;-0,0009
13/09/2014;-0,000063
14/09/2014;-0,02321
15/09/2014;-0,012201
16/09/2014;-0,083247
17/09/2014;-0,064724
18/09/2014;0,034259
19/09/2014;-0,024376
20/09/2014;0,006131
21/09/2014;0,077975
22/09/2014;-0,030422
23/09/2014;-0,027464
24/09/2014;-0,019174
25/09/2014;-0,013541
26/09/2014;-0,051264
27/09/2014;-0,006112
28/09/2014;0,029809
29/09/2014;-0,013826
30/09/2014;-0,020318
01/10/2014;-0,031658
02/10/2014;-0,080556
03/10/2014;-0,037867
04/10/2014;0,02656
05/10/2014;0,000302
06/10/2014;0,056336
07/10/2014;0,028213
08/10/2014;0,002214
09/10/2014;-0,001356
10/10/2014;0,032547
11/10/2014;0,037217
12/10/2014;0,024937
13/10/2014;-0,009946
14/10/2014;-0,034676
15/10/2014;0,001868
16/10/2014;0,026967
17/10/2014;-0,009253
18/10/2014;-0,017951
19/10/2014;0,005139
20/10/2014;-0,008985
21/10/2014;-0,063039
22/10/2014;-0,001913
23/10/2014;-0,023882
24/10/2014;0,005608
25/10/2014;0,004064
27/10/2014;0,002767
28/10/2014;-0,046468
29/10/2014;0,02865
30/10/2014;-0,020477
31/10/2014;-0,037514
01/11/2014;-0,008889
02/11/2014;0,005226
03/11/2014;0,011408
04/11/2014;0,030184
05/11/2014;0,028178
06/11/2014;-0,016823
07/11/2014;0,004873
08/11/2014;0,052451
09/11/2014;0,014016
10/11/2014;-0,004723
11/11/2014;0,167448
12/11/2014;-0,007691
13/11/2014;-0,078052
14/11/2014;-0,056199
15/11/2014;0,028274
16/11/2014;-0,002389
17/11/2014;-0,01448
18/11/2014;0,005969
19/11/2014;-0,065352
20/11/2014;-0,015598
21/11/2014;0,000682
22/11/2014;0,038564
23/11/2014;0,034917
24/11/2014;-0,006408
25/11/2014;-0,029876
26/11/2014;0,00948
27/11/2014;0,023473
28/11/2014;-0,003475
29/11/2014;-0,003594
30/11/2014;0,009767
01/12/2014;0,005347
02/12/2014;-0,009715
03/12/2014;-0,019069
04/12/2014;0,020844
05/12/2014;-0,003634
06/12/2014;0,000558
07/12/2014;-0,031078
08/12/2014;-0,03559
09/12/2014;-0,012141
10/12/2014;-0,000748
11/12/2014;0,016318
12/12/2014;-0,014709
13/12/2014;0,003182
14/12/2014;-0,011458
15/12/2014;-0,044857
16/12/2014;-0,031376
17/12/2014;-0,030715
18/12/2014;0,023691
19/12/2014;0,038793
20/12/2014;-0,023647
21/12/2014;0,025129
22/12/2014;0,013242
23/12/2014;-0,039084
24/12/2014;-0,010633
25/12/2014;0,033872
26/12/2014;-0,045381
27/12/2014;0,003767
28/12/2014;-0,007643
29/12/2014;-0,009114
30/12/2014;0,022145
31/12/2014;-0,010582
01/01/2015;0,001016
02/01/2015;-0,093304
03/01/2015;-0,081262
04/01/2015;0,037516
05/01/2015;0,026675
06/01/2015;0,031627
07/01/2015;-0,03014
08/01/2015;0,018505
09/01/2015;-0,052103
10/01/2015;-0,031892
11/01/2015;0,017076
12/01/2015;-0,196463
13/01/2015;-0,294014
14/01/2015;0,240599
15/01/2015;-0,013727
16/01/2015;-0,035766
17/01/2015;0,05349
18/01/2015;0,024621
19/01/2015;-0,024953
20/01/2015;0,080368
21/01/2015;0,019659
22/01/2015;-0,00228
23/01/2015;0,066604
24/01/2015;0,015712
25/01/2015;0,065594
26/01/2015;-0,0222
27/01/2015;-0,108628
28/01/2015;-0,009273
29/01/2015;-0,009231
30/01/2015;-0,059216
31/01/2015;0,030557
01/02/2015;0,058489
02/02/2015;-0,049123
03/02/2015;-0,003656
04/02/2015;-0,045415
05/02/2015;0,029309
06/02/2015;0,020949
07/02/2015;-0,017769
08/02/2015;-0,015
09/02/2015;-0,003045
10/02/2015;-0,003831
11/02/2015;0,013436
12/02/2015;0,062821
13/02/2015;0,090885
14/02/2015;-0,103241
15/02/2015;0,010915
16/02/2015;0,030773
17/02/2015;-0,033448
18/02/2015;0,028171
19/02/2015;0,01069
20/02/2015;-0,00045
21/02/2015;-0,03616
22/02/2015;0,013023
23/02/2015;0,000293
24/02/2015;-0,006552
25/02/2015;-0,003377
26/02/2015;0,06917
27/02/2015;0,002325
28/02/2015;0,015157
01/03/2015;0,059488
02/03/2015;0,024893
03/03/2015;-0,0316
04/03/2015;0,012099
05/03/2015;-0,009748
06/03/2015;0,008585
07/03/2015;-0,001529
08/03/2015;0,055035
09/03/2015;0,004644
10/03/2015;0,014413
11/03/2015;-0,005938
12/03/2015;-0,022856
13/03/2015;-0,019726
14/03/2015;0,01158
15/03/2015;0,019226
16/03/2015;-0,017472
17/03/2015;-0,108957
18/03/2015;0,019387
19/03/2015;0,003252
20/03/2015;-0,007939
21/03/2015;0,033546
22/03/2015;-0,011647
23/03/2015;-0,07321
24/03/2015;-0,00142
25/03/2015;0,006675
26/03/2015;-0,003271
27/03/2015;0,01927
28/03/2015;-0,04024
29/03/2015;0,019269
29/03/2015;-0,010755
30/03/2015;0,008524
31/03/2015;0,025501
01/04/2015;0,007415
02/04/2015;-0,006268
03/04/2015;0,026342
04/04/2015;-0,01815
05/04/2015;-0,007875
06/04/2015;-0,033769
07/04/2015;-0,005124
08/04/2015;-0,035942
09/04/2015;0,007428
10/04/2015;-0,002668
11/04/2015;-0,053382
12/04/2015;-0,025365
13/04/2015;0,022588
14/04/2015;0,022221
15/04/2015;-0,023926
16/04/2015;0,003409
17/04/2015;-0,001479
18/04/2015;0,005455
19/04/2015;0,04145
20/04/2015;0,000214
21/04/2015;0,006906
22/04/2015;-0,018479
23/04/2015;-0,021653
24/04/2015;-0,033453
25/04/2015;0,045846
26/04/2015;-0,013853
27/04/2015;-0,001729
28/04/2015;0,044891
29/04/2015;-0,010917
30/04/2015;0,009092
01/05/2015;0,019566
02/05/2015;-0,004259
03/05/2015;-0,013269
04/05/2015;-0,024859
05/05/2015;0,032926
06/05/2015;0,024967
07/05/2015;-0,009647
08/05/2015;-0,005983
09/05/2015;0,00768
10/05/2015;-0,000952
11/05/2015;-0,02176
12/05/2015;0,002197
13/05/2015;0,001266
14/05/2015;-0,004098
15/05/2015;0,000296
16/05/2015;-0,01561
17/05/2015;-0,002669
18/05/2015;0,008327
19/05/2015;0,006051
20/05/2015;0,020978
21/05/2015;-0,005967
22/05/2015;0,008501
23/05/2015;-0,014925
24/05/2015;0,00181
25/05/2015;-0,002315
26/05/2015;0,000126
27/05/2015;-0,001223
28/05/2015;-0,016204
29/05/2015;-0,014599
30/05/2015;-0,029584
31/05/2015;0,011585
01/06/2015;-0,000665
02/06/2015;-0,006091
03/06/2015;0,004761
04/06/2015;-0,002444
05/06/2015;-0,005667
06/06/2015;0,022565
07/06/2015;0,004322
08/06/2015;-0,00336
09/06/2015;0,004753
10/06/2015;0,00252
11/06/2015;0,008727
12/06/2015;0,005448
13/06/2015;0,013808
14/06/2015;0,052681
15/06/2015;-0,009815
16/06/2015;0,004276
17/06/2015;-0,0175
18/06/2015;0,003476
19/06/2015;-0,003599
20/06/2015;0,013671
21/06/2015;-0,015065
22/06/2015;-0,013215
23/06/2015;0,00828
24/06/2015;0,001607
25/06/2015;0,031521
26/06/2015;-0,007406
27/06/2015;0,031988
28/06/2015;0,027444
29/06/2015;-0,024918
30/06/2015;-0,010693
01/07/2015;0,002038
02/07/2015;0,019964
03/07/2015;0,036146
04/07/2015;-0,003932
05/07/2015;-0,010723
06/07/2015;0,009087
07/07/2015;0,001859
08/07/2015;0,052404
09/07/2015;0,029016
10/07/2015;0,06134
11/07/2015;-0,066904
12/07/2015;-0,011744
13/07/2015;-0,012413
14/07/2015;-0,024394
15/07/2015;0,010895
16/07/2015;-0,020121
17/07/2015;-0,00318
18/07/2015;0,016338
19/07/2015;-0,009371
20/07/2015;0,004968
21/07/2015;-0,003406
22/07/2015;0,045584
23/07/2015;0,001282
24/07/2015;0,010439
25/07/2015;0,004241
26/07/2015;0,002352
27/07/2015;-0,018315
28/07/2015;-0,004692
29/07/2015;-0,011529
30/07/2015;-0,011556
31/07/2015;0,003168
01/08/2015;0,000782
02/08/2015;0,009613
03/08/2015;-0,009116
04/08/2015;-0,013293
05/08/2015;-0,000396
06/08/2015;-0,071943
07/08/2015;0,020174
08/08/2015;-0,002163
09/08/2015;0,021529
10/08/2015;-0,005105
11/08/2015;-0,015892
12/08/2015;0,006017
13/08/2015;-0,017163
14/08/2015;-0,013137
15/08/2015;0,000039
16/08/2015;-0,041328
17/08/2015;-0,087719
18/08/2015;0,037603
19/08/2015;-0,009678
20/08/2015;-0,012383
21/08/2015;-0,012229
22/08/2015;-0,069954
23/08/2015;0,042049
24/08/2015;0,020024
25/08/2015;-0,010007
26/08/2015;0,039224
27/08/2015;-0,013648
28/08/2015;-0,000438
29/08/2015;0,004674
30/08/2015;-0,01003
31/08/2015;0,006362
01/09/2015;-0,010685
02/09/2015;0,017746
03/09/2015;0,014744
04/09/2015;0,026146
05/09/2015;-0,001168
06/09/2015;0,015161
07/09/2015;-0,02426
08/09/2015;0,002818
09/09/2015;0,007615
10/09/2015;-0,018087
11/09/2015;-0,02323
12/09/2015;-0,001217
13/09/2015;-0,001654
14/09/2015;-0,00406
15/09/2015;0,017862
16/09/2015;-0,002194
17/09/2015;-0,004748
18/09/2015;-0,000087
19/09/2015;-0,020813
20/09/2015;0,016129
21/09/2015;-0,000522
22/09/2015;0,016694
23/09/2015;0,005418
24/09/2015;-0,003111
25/09/2015;-0,007712
26/09/2015;0,027029
27/09/2015;-0,009084
28/09/2015;-0,003301
29/09/2015;0,004736
30/09/2015;-0,001435
01/10/2015;0,007869
02/10/2015;-0,001048
03/10/2015;0,007607
04/10/2015;0,024637
05/10/2015;-0,012921
06/10/2015;-0,001648
07/10/2015;0,006001
08/10/2015;0,005354
09/10/2015;0,009331
10/10/2015;-0,009331
11/10/2015;0,013883
12/10/2015;0,014169
13/10/2015;0,008327
14/10/2015;0,032595
15/10/2015;0,025206
16/10/2015;-0,029781
17/10/2015;0,008183
18/10/2015;0,022229
19/10/2015;-0,009835
20/10/2015;0,026999
21/10/2015;0,009069
22/10/2015;0,020162
23/10/2015;0,018583
24/10/2015;-0,009459
26/10/2015;0,032807
27/10/2015;0,029691
28/10/2015;0,032701
29/10/2015;0,042113
30/10/2015;-0,049763
31/10/2015;0,036933
01/11/2015;0,106604
02/11/2015;0,098549
03/11/2015;0,011036
04/11/2015;-0,046436
05/11/2015;-0,034262
06/11/2015;0,040488
07/11/2015;-0,035767
08/11/2015;0,02304
09/11/2015;-0,121587
10/11/2015;-0,099802
11/11/2015;0,091331
12/11/2015;-0,00024
13/11/2015;-0,00601
14/11/2015;-0,044122
15/11/2015;0,039408
16/11/2015;0,011143
17/11/2015;0,006002
18/11/2015;-0,033109
19/11/2015;-0,011949
20/11/2015;0,011087
21/11/2015;-0,005931
22/11/2015;-0,002047
23/11/2015;-0,011773
24/11/2015;0,028398
25/11/2015;0,077013
26/11/2015;0,016208
27/11/2015;-0,010317
28/11/2015;0,041318
29/11/2015;0,019044
30/11/2015;-0,043723
01/12/2015;-0,005043
02/12/2015;0,000916
03/12/2015;0,003767
04/12/2015;0,066891
05/12/2015;0,017153
06/12/2015;0,002285
07/12/2015;0,040729
08/12/2015;0,012895
09/12/2015;-0,001227
10/12/2015;0,079411
11/12/2015;-0,039773
12/12/2015;0,005536
13/12/2015;0,016677
14/12/2015;0,045661
15/12/2015;-0,018918
16/12/2015;0,003408
17/12/2015;0,016654
18/12/2015;-0,004284
19/12/2015;-0,04302
20/12/2015;-0,00953
21/12/2015;-0,001281
22/12/2015;0,01228
23/12/2015;0,023566
24/12/2015;0,002359
25/12/2015;-0,089038
26/12/2015;0,016759
27/12/2015;-0,001493
28/12/2015;0,023804
29/12/2015;-0,011105
30/12/2015;0,006534
31/12/2015;0,009353
01/01/2016;-0,000622
02/01/2016;-0,006987
03/01/2016;0,006065
04/01/2016;-0,004904
05/01/2016;-0,000882
06/01/2016;0,059102
07/01/2016;-0,009188
08/01/2016;-0,01012
09/01/2016;-0,00474
10/01/2016;0,003423
11/01/2016;-0,006004
12/01/2016;-0,029322
13/01/2016;-0,007082
14/01/2016;-0,142167
15/01/2016;0,033755
16/01/2016;-0,006697
17/01/2016;0,005033
18/01/2016;-0,012934
19/01/2016;0,088517
20/01/2016;-0,010524
21/01/2016;-0,069622
22/01/2016;0,015456
23/01/2016;0,034199
24/01/2016;-0,023577
25/01/2016;-0,007616
26/01/2016;0,013354
27/01/2016;-0,039581
28/01/2016;0,001579
29/01/2016;-0,006675
30/01/2016;-0,021189
31/01/2016;0,006307
01/02/2016;0,004664
02/02/2016;-0,015905
03/02/2016;0,059675
04/02/2016;-0,010784
05/02/2016;-0,025632
06/02/2016;0,003339
07/02/2016;-0,014149
08/02/2016;0,007193
09/02/2016;0,017327
10/02/2016;-0,006384
11/02/2016;0,012024
12/02/2016;0,015656
13/02/2016;0,038718
14/02/2016;-0,010985
15/02/2016;0,013251
16/02/2016;0,026035
17/02/2016;0,010161
18/02/2016;-0,003375
19/02/2016;0,046704
20/02/2016;-0,004989
21/02/2016;-0,000183
22/02/2016;-0,041723
23/02/2016;0,006693
24/02/2016;0,001796
25/02/2016;0,009027
26/02/2016;0,009271
27/02/2016;0,002709
28/02/2016;0,008611
29/02/2016;-0,004987
01/03/2016;-0,020201
02/03/2016;-0,013729
03/03/2016;-0,024318
04/03/2016;-0,025927
05/03/2016;0,017293
06/03/2016;0,021711
07/03/2016;-0,007185
08/03/2016;0,002086
09/03/2016;0,00741
10/03/2016;0,007857
11/03/2016;-0,021099
12/03/2016;0,004983
13/03/2016;0,004596
14/03/2016;0,001977
15/03/2016;0,001877
16/03/2016;0,005395
17/03/2016;-0,024205
18/03/2016;0,001298
19/03/2016;0,006925
20/03/2016;-0,001021
21/03/2016;0,012329
22/03/2016;0,001848
23/03/2016;-0,005386
24/03/2016;0,002336
25/03/2016;0,001923
26/03/2016;0,019166
27/03/2016;-0,005574
27/03/2016;-0,017224
28/03/2016;-0,006188
29/03/2016;0,007777
30/03/2016;-0,000048
31/03/2016;0,006881
01/04/2016;0,001313
02/04/2016;0,000644
03/04/2016;0,006513
04/04/2016;-0,001921
05/04/2016;-0,002662
06/04/2016;-0,005848
07/04/2016;0,000861
08/04/2016;0,005249
09/04/2016;0,002804
10/04/2016;0,007824
11/04/2016;-0,002995
12/04/2016;0,001298
13/04/2016;0,010907
14/04/2016;0,003214
15/04/2016;-0,008852
16/04/2016;0,003349
17/04/2016;0,016763
18/04/2016;0,014245
19/04/2016;0,018372
20/04/2016;-0,009077
21/04/2016;0,010722
22/04/2016;0,016483
23/04/2016;0,009072
24/04/2016;0,009205
25/04/2016;-0,041605
26/04/2016;0,003283
27/04/2016;0,014389
28/04/2016;-0,014278
29/04/2016;0,008237
30/04/2016;-0,017983
01/05/2016;0,013618
02/05/2016;-0,009977
03/05/2016;0,005101
04/05/2016;0,025298
05/05/2016;-0,002396
06/05/2016;-0,001288
07/05/2016;0,005597
08/05/2016;-0,024358
09/05/2016;0,006963
10/05/2016;0,004256
11/05/2016;0,002154
12/05/2016;0,002259
13/05/2016;0,003652
14/05/2016;-0,007098
15/05/2016;-0,003568
16/05/2016;0,002138
17/05/2016;-0,02578
18/05/2016;-0,001243
19/05/2016;0,003455
20/05/2016;-0,009103
21/05/2016;0,009215
22/05/2016;0,005439
23/05/2016;0,008193
24/05/2016;0,007796
25/05/2016;0,044759
26/05/2016;0,100599
27/05/2016;-0,015708
28/05/2016;0,030928
29/05/2016;-0,006295
30/05/2016;0,015906
31/05/2016;-0,000558
01/06/2016;0,054228
02/06/2016;0,008639
03/06/2016;0,005162
04/06/2016;0,014968
05/06/2016;-0,013803
06/06/2016;0,008529
07/06/2016;-0,010076
08/06/2016;0,005553
09/06/2016;0,023447
10/06/2016;0,119284
11/06/2016;0,049065
12/06/2016;-0,021557
13/06/2016;0,008184
14/06/2016;0,097102
15/06/2016;-0,023003
16/06/2016;0,013181
17/06/2016;0,009599
18/06/2016;-0,036218
19/06/2016;-0,095109
20/06/2016;-0,122288
21/06/2016;0,050002
22/06/2016;0,056443
23/06/2016;0,010042
24/06/2016;-0,059152
25/06/2016;0,030316
26/06/2016;0,000357
27/06/2016;-0,013033
28/06/2016;0,05126
29/06/2016;0,006768
30/06/2016;0,03423
01/07/2016;-0,053583
02/07/2016;0,020228
03/07/2016;-0,017165
04/07/2016;0,013514
05/07/2016;-0,057281
06/07/2016;0,042425
07/07/2016;-0,016659
08/07/2016;-0,007268
09/07/2016;-0,000618
10/07/2016;0,036215
11/07/2016;-0,014132
12/07/2016;-0,005916
13/07/2016;0,010519
14/07/2016;-0,005299
15/07/2016;0,023396
16/07/2016;-0,008836
17/07/2016;0,001073
18/07/2016;-0,010034
19/07/2016;0,000331
20/07/2016;-0,020537
21/07/2016;0,006201
22/07/2016;0,006284
23/07/2016;-0,008056
24/07/2016;0,000581
25/07/2016;0,000244
26/07/2016;-0,000627
27/07/2016;0,001985
28/07/2016;-0,001053
29/07/2016;-0,051507
30/07/2016;-0,024202
31/07/2016;-0,167415
01/08/2016;0,098257
02/08/2016;0,017118
03/08/2016;-0,002711
04/08/2016;0,020309
05/08/2016;0,007475
06/08/2016;-0,002729
07/08/2016;-0,006794
08/08/2016;0,009675
09/08/2016;-0,00526
10/08/2016;-0,001192
11/08/2016;-0,004353
12/08/2016;-0,026925
13/08/2016;-0,003715
14/08/2016;0,023085
15/08/2016;-0,013622
16/08/2016;0,001833
17/08/2016;0,002038
18/08/2016;0,013913
19/08/2016;-0,003353
20/08/2016;0,01166
21/08/2016;-0,006678
22/08/2016;-0,006706
23/08/2016;-0,002937
24/08/2016;0,002437
25/08/2016;-0,015691
26/08/2016;0,008085
27/08/2016;-0,001305
28/08/2016;0,005367
29/08/2016;-0,005976
30/08/2016;-0,003299
31/08/2016;0,005753
01/09/2016;0,04012
02/09/2016;0,017726
03/09/2016;-0,006237
04/09/2016;0,007696
05/09/2016;0,004527
06/09/2016;0,019956
07/09/2016;-0,00386
08/09/2016;0,00218
09/09/2016;-0,030747
10/09/2016;0,003906
11/09/2016;0,001036
12/09/2016;0,001527
13/09/2016;-0,002349
14/09/2016;-0,000543
15/09/2016;-0,001152
16/09/2016;0,005945
17/09/2016;-0,001393
18/09/2016;-0,001001
19/09/2016;-0,020027
20/09/2016;-0,002565
21/09/2016;0,012165
22/09/2016;-0,000547
23/09/2016;-0,001827
24/09/2016;0,008361
25/09/2016;-0,001766
26/09/2016;-0,001322
27/09/2016;0,00005
28/09/2016;0,005673
29/09/2016;0,008628
30/09/2016;-0,004444
01/10/2016;0,001489
02/10/2016;-0,004326
03/10/2016;0,004686
04/10/2016;-0,00139
05/10/2016;0,008248
06/10/2016;0,002626
07/10/2016;-0,003048
08/10/2016;0,002465
09/10/2016;0,036832
10/10/2016;-0,006988
11/10/2016;-0,000613
12/10/2016;0,003643
13/10/2016;-0,001396
14/10/2016;0,004839
15/10/2016;-0,004305
16/10/2016;-0,00319
17/10/2016;-0,009934
18/10/2016;-0,001145
19/10/2016;0,003352
20/10/2016;0,038934
21/10/2016;-0,003745
22/10/2016;-0,003897
23/10/2016;0,000784
24/10/2016;0,035714
25/10/2016;0,011246
26/10/2016;0,005758
27/10/2016;0,040985
28/10/2016;-0,02504
29/10/2016;0,002006
31/10/2016;0,039418
01/11/2016;0,009245
02/11/2016;-0,068612
03/11/2016;0,024818
04/11/2016;0,000043
05/11/2016;0,011048
06/11/2016;-0,006373
07/11/2016;0,007767
08/11/2016;0,01469
09/11/2016;-0,00954
10/11/2016;0,00056
11/11/2016;-0,015079
12/11/2016;-0,003271
13/11/2016;0,003683
14/11/2016;0,00924
15/11/2016;0,040215
16/11/2016;-0,003722
17/11/2016;0,012705
18/11/2016;0,001244
19/11/2016;-0,026255
20/11/2016;0,010487
21/11/2016;0,017705
22/11/2016;-0,011098
23/11/2016;-0,007803
24/11/2016;0,006885
25/11/2016;-0,008477
26/11/2016;-0,00645
27/11/2016;0,005305
28/11/2016;-0,00101
29/11/2016;0,013464
30/11/2016;0,013564
01/12/2016;0,024037
02/12/2016;-0,008729
03/12/2016;0,002809
04/12/2016;-0,015848
05/12/2016;0,005117
06/12/2016;0,009647
07/12/2016;0,00382
08/12/2016;0,002586
09/12/2016;0,004558
10/12/2016;-0,007899
11/12/2016;0,013658
12/12/2016;0,000347
13/12/2016;-0,002881
14/12/2016;-0,001663
15/12/2016;0,008785
16/12/2016;0,006526
17/12/2016;0,002335
18/12/2016;0,000988
19/12/2016;0,011719
20/12/2016;0,036987
21/12/2016;0,036633
22/12/2016;0,064186
23/12/2016;-0,02887
24/12/2016;0
25/12/2016;0,00817
26/12/2016;0,030044
27/12/2016;0,048894
28/12/2016;-0,001122
29/12/2016;-0,012476
30/12/2016;0,004515
31/12/2016;0,032737
01/01/2017;0,021477
02/01/2017;0,015851
03/01/2017;0,094236
04/01/2017;-0,137701
05/01/2017;-0,110151
06/01/2017;0,003053
07/01/2017;0,013399
08/01/2017;-0,0012
09/01/2017;0,005088
10/01/2017;-0,141007
11/01/2017;0,030939
12/01/2017;0,018007
13/01/2017;-0,006324
14/01/2017;0,001877
15/01/2017;0,007486
16/01/2017;0,083801
17/01/2017;-0,031193
18/01/2017;0,026234
19/01/2017;-0,002573
20/01/2017;0,029714
21/01/2017;-0,001088
22/01/2017;0,002847
23/01/2017;-0,030533
24/01/2017;0,000738
25/01/2017;0,023372
26/01/2017;0,002672
27/01/2017;0,000545
28/01/2017;-0,004321
29/01/2017;0,006735
30/01/2017;0,047469
31/01/2017;0,017393
01/02/2017;0,021688
02/02/2017;0,008974
03/02/2017;0,018417
04/02/2017;-0,015372
05/02/2017;0,008389
06/02/2017;0,024
07/02/2017;0,005634
08/02/2017;-0,07527
09/02/2017;0,018872
10/02/2017;0,010678
11/02/2017;-0,011772
12/02/2017;-0,001165
13/02/2017;0,012956
14/02/2017;-0,000149
15/02/2017;0,023274
16/02/2017;0,016797
17/02/2017;0,002731
18/02/2017;-0,003227
19/02/2017;0,026967
20/02/2017;0,037763
21/02/2017;0,001277
22/02/2017;0,044896
23/02/2017;0,0039
24/02/2017;-0,0236
25/02/2017;0,019418
26/02/2017;0,014616
27/02/2017;0,00037
28/02/2017;0,027689
01/03/2017;0,026481
02/03/2017;0,021925
03/03/2017;-0,014901
04/03/2017;0,005443
05/03/2017;0,004544
06/03/2017;-0,035323
07/03/2017;-0,072075
08/03/2017;0,037947
09/03/2017;-0,068559
10/03/2017;0,058342
11/03/2017;0,038177
12/03/2017;0,01062
13/03/2017;0,00399
14/03/2017;0,008243
15/03/2017;-0,066422
16/03/2017;-0,090207
17/03/2017;-0,098293
18/03/2017;0,051386
19/03/2017;0,024068
20/03/2017;0,068064
21/03/2017;-0,070731
22/03/2017;-0,009318
23/03/2017;-0,096625
24/03/2017;0,027914
25/03/2017;0,003244
26/03/2017;0,075188
26/03/2017;-0,000689
27/03/2017;-0,002416
28/03/2017;-0,003837
29/03/2017;0,038928
30/03/2017;0,006475
31/03/2017;0,010332
01/04/2017;0,044694
02/04/2017;-0,005058
03/04/2017;-0,010477
04/04/2017;0,050758
05/04/2017;0,001505
06/04/2017;-0,00819
07/04/2017;0,019756
08/04/2017;0,001966
09/04/2017;0,01156
10/04/2017;-0,006748
11/04/2017;-0,03042
12/04/2017;0,00096
13/04/2017;-0,000289
14/04/2017;-0,000161
15/04/2017;0,014518
16/04/2017;0,010066
17/04/2017;0,007525
18/04/2017;0,018661
19/04/2017;0,009286
20/04/2017;-0,007027
21/04/2017;0,006626
22/04/2017;-0,000769
23/04/2017;0,01284
24/04/2017;0,0175
25/04/2017;0,035338
26/04/2017;-0,002471
27/04/2017;0,004996
28/04/2017;0,011629
29/04/2017;0,046183
30/04/2017;0,021051
01/05/2017;0,027032
02/05/2017;0,020791
03/05/2017;-0,005945
04/05/2017;0,02458
05/05/2017;0,00591
06/05/2017;0,068385
07/05/2017;0,01965
08/05/2017;0,031778
09/05/2017;0,037511
10/05/2017;-0,075856
11/05/2017;0,044846
12/05/2017;0,004983
13/05/2017;-0,036558
14/05/2017;0,011878
15/05/2017;0,040769
16/05/2017;0,04329
17/05/2017;0,042166
18/05/2017;0,039074
19/05/2017;0,001964
20/05/2017;0,038492
21/05/2017;0,067422
22/05/2017;0,073244
23/05/2017;-0,058116
24/05/2017;-0,027387
25/05/2017;-0,089632
26/05/2017;0,06443
27/05/2017;0,039936
28/05/2017;-0,038325
29/05/2017;0,049295
30/05/2017;0,046365
31/05/2017;0,032601
01/06/2017;0,020973
02/06/2017;-0,008431
03/06/2017;0,069218
04/06/2017;0,059399
05/06/2017;-0,064384
06/06/2017;0,039081
07/06/2017;0,00451
08/06/2017;0,031104
09/06/2017;0,024926
10/06/2017;-0,112612
11/06/2017;0,02094
12/06/2017;-0,094939
13/06/2017;-0,010107
14/06/2017;0,026711
15/06/2017;0,056765
16/06/2017;-0,044491
17/06/2017;0,029969
18/06/2017;0,051232
19/06/2017;-0,028264
20/06/2017;0,016747
21/06/2017;-0,00459
22/06/2017;-0,045408
23/06/2017;-0,018875
24/06/2017;-0,038327
25/06/2017;0,054767
26/06/2017;-0,002329
27/06/2017;-0,007543
28/06/2017;-0,030866
29/06/2017;-0,022834
30/06/2017;0,045099
01/07/2017;0,014097
02/07/2017;0,017284
03/07/2017;0,004019
04/07/2017;-0,005196
05/07/2017;-0,039146
06/07/2017;0,020077
07/07/2017;-0,021052
08/07/2017;-0,068985
09/07/2017;-0,008453
10/07/2017;0,033341
11/07/2017;-0,01706
12/07/2017;-0,055825
13/07/2017;-0,123261
14/07/2017;-0,031367
15/07/2017;0,154278
16/07/2017;0,038146
17/07/2017;-0,01636
18/07/2017;0,227618
19/07/2017;-0,068945
20/07/2017;0,058602
21/07/2017;-0,02858
22/07/2017;0,002467
23/07/2017;-0,06768
24/07/2017;-0,00909
25/07/2017;0,050541
26/07/2017;0,041787
27/07/2017;-0,026444
28/07/2017;0,011997
29/07/2017;0,041346
30/07/2017;-0,048419
31/07/2017;-0,009679
01/08/2017;0,032354
02/08/2017;0,024085
03/08/2017;0,12532
04/08/2017;-0,009475
05/08/2017;0,051227
06/08/2017;0,008042
07/08/2017;-0,02378
08/08/2017;0,022698
09/08/2017;0,064627
10/08/2017;0,057749
11/08/2017;0,04815
12/08/2017;0,063268
13/08/2017;-0,039178
14/08/2017;0,052823
15/08/2017;-0,025036
16/08/2017;-0,041405
17/08/2017;0,010921
18/08/2017;-0,02041
19/08/2017;-0,015239
20/08/2017;0,020903
21/08/2017;0,012487
22/08/2017;0,041914
23/08/2017;0,01061
24/08/2017;-0,002779
25/08/2017;-0,001506
26/08/2017;0,010201
27/08/2017;0,046072
28/08/2017;-0,003113
29/08/2017;0,032647
30/08/2017;0,03868
31/08/2017;-0,07334
01/09/2017;0,008517
02/09/2017;-0,077845
03/09/2017;0,03265
04/09/2017;0,046449
05/09/2017;0,00365
06/09/2017;-0,069018
07/09/2017;0,002004
08/09/2017;-0,0208
09/09/2017;-0,006614
10/09/2017;-0,014082
11/09/2017;-0,071926
12/09/2017;-0,176806
13/09/2017;0,135521
14/09/2017;-0,004004
15/09/2017;-0,00252
16/09/2017;0,105534
17/09/2017;-0,04804
18/09/2017;-0,006624
19/09/2017;-0,070672
20/09/2017;-0,004555
21/09/2017;0,050679
22/09/2017;-0,032328
23/09/2017;0,069844
24/09/2017;-0,010256
25/09/2017;0,078882
26/09/2017;-0,003937
27/09/2017;-0,005463
28/09/2017;0,044029
29/09/2017;0,009692
30/09/2017;-0,000402
01/10/2017;-0,019997
02/10/2017;-0,02239
03/10/2017;0,024071
04/10/2017;0,011618
05/10/2017;0,014503
06/10/2017;0,038886
07/10/2017;0,035319
08/10/2017;-0,002962
09/10/2017;0,012692
10/10/2017;0,118777
11/10/2017;0,036977
12/10/2017;0,032711
13/10/2017;-0,023726
14/10/2017;0,012438
15/10/2017;-0,028308
16/10/2017;-0,004072
17/10/2017;0,021788
18/10/2017;0,050381
19/10/2017;0,002257
20/10/2017;-0,003968
21/10/2017;-0,013335
22/10/2017;-0,068441
23/10/2017;0,03929
24/10/2017;0,026437
25/10/2017;-0,021121
26/10/2017;-0,006605
27/10/2017;0,070925
28/10/2017;-0,003788
30/10/2017;0,052011
31/10/2017;0,043458
01/11/2017;0,041718
02/11/2017;0,017961
03/11/2017;0,029167
04/11/2017;0,003491
05/11/2017;-0,059998
06/11/2017;0,020413
07/11/2017;0,046975
08/11/2017;-0,043203
09/11/2017;-0,082379
10/11/2017;-0,035018
11/11/2017;-0,075618
12/11/2017;0,104011
13/11/2017;0,011374
14/11/2017;0,098949
15/11/2017;0,075409
16/11/2017;-0,019768
17/11/2017;0,010459
18/11/2017;0,033084
19/11/2017;0,024812
20/11/2017;-0,017709
21/11/2017;0,016478
22/11/2017;-0,027222
23/11/2017;0,023115
24/11/2017;0,065358
25/11/2017;0,062403
26/11/2017;0,04355
27/11/2017;0,017602
28/11/2017;-0,006906
29/11/2017;0,011009
30/11/2017;0,087975
01/12/2017;0,004708
02/12/2017;0,030101
03/12/2017;0,033033
04/12/2017;0,003711
05/12/2017;0,164232
06/12/2017;0,203362
07/12/2017;-0,048809
08/12/2017;-0,078003
09/12/2017;0,014459
10/12/2017;0,105336
11/12/2017;0,020785
12/12/2017;-0,04778
13/12/2017;0,011057
14/12/2017;0,066761
15/12/2017;0,094285
16/12/2017;-0,014568
17/12/2017;-0,00491
18/12/2017;-0,079427
19/12/2017;-0,062501
20/12/2017;-0,051725
21/12/2017;-0,134492
22/12/2017;0,052147
23/12/2017;-0,043042
24/12/2017;0,003152
25/12/2017;0,130164
26/12/2017;-0,021809
27/12/2017;-0,068309
28/12/2017;-0,000426
29/12/2017;-0,138465
30/12/2017;0,100067
31/12/2017;-0,029716
01/01/2018;0,092925
02/01/2018;0,026914
03/01/2018;0,001547
04/01/2018;0,110566
05/01/2018;0,012748
06/01/2018;-0,05655
07/01/2018;-0,080288
08/01/2018;-0,034486
09/01/2018;0,030695
10/01/2018;-0,114299
11/01/2018;0,039279
12/01/2018;0,028625
13/01/2018;-0,043368
14/01/2018;-0,000488
15/01/2018;-0,189167
16/01/2018;-0,010674
17/01/2018;0,001148
18/01/2018;0,030512
19/01/2018;0,103952
20/01/2018;-0,10151
21/01/2018;-0,06579
22/01/2018;0,004034
23/01/2018;0,051232
24/01/2018;-0,022399
25/01/2018;-0,006434
26/01/2018;0,031514
27/01/2018;0,026525
28/01/2018;-0,046421
29/01/2018;-0,105687
30/01/2018;0,011764
31/01/2018;-0,115127
01/02/2018;-0,027123
02/02/2018;0,041994
03/02/2018;-0,118428
04/02/2018;-0,169452
05/02/2018;0,104502
06/02/2018;-0,014193
07/02/2018;0,084318
08/02/2018;0,05145
09/02/2018;-0,014774
10/02/2018;-0,058223
11/02/2018;0,097354
12/02/2018;-0,042007
13/02/2018;0,104469
14/02/2018;0,056175
15/02/2018;0,015328
16/02/2018;0,085411
17/02/2018;-0,063233
18/02/2018;0,070869
19/02/2018;0,006609
20/02/2018;-0,071312
21/02/2018;-0,062363
22/02/2018;0,03272
23/02/2018;-0,047267
24/02/2018;-0,009901
25/02/2018;0,071898
26/02/2018;0,025646
27/02/2018;-0,024877
28/02/2018;0,055972
01/03/2018;0,010354
02/03/2018;0,037523
03/03/2018;0,003401
04/03/2018;-0,005551
05/03/2018;-0,063628
06/03/2018;-0,078136
07/03/2018;-0,063605
08/03/2018;-0,006889
09/03/2018;-0,05048
10/03/2018;0,081559
11/03/2018;-0,043105
12/03/2018;0,001964
13/03/2018;-0,108569
14/03/2018;0,006152
15/03/2018;0,001791
16/03/2018;-0,049467
17/03/2018;0,041245
18/03/2018;0,048439
19/03/2018;0,033926
20/03/2018;-0,00105
21/03/2018;-0,021135
22/03/2018;0,023764
23/03/2018;-0,044249
24/03/2018;-0,008839
25/03/2018;-0,038578
25/03/2018;-0,043078
26/03/2018;0,019191
27/03/2018;-0,113375
28/03/2018;-0,036229
29/03/2018;0,013047
30/03/2018;-0,015666
31/03/2018;0,034332
01/04/2018;0,049593
02/04/2018;-0,086905
03/04/2018;-0,003682
04/04/2018;-0,02318
05/04/2018;0,041674
06/04/2018;0,019005
07/04/2018;-0,037635
08/04/2018;0,011938
09/04/2018;0,015318
10/04/2018;0,127729
11/04/2018;-0,003617
12/04/2018;0,015501
13/04/2018;0,043206
14/04/2018;-0,036094
15/04/2018;-0,019766
16/04/2018;0,033312
17/04/2018;0,013566
18/04/2018;0,066998
19/04/2018;0,006584
20/04/2018;-0,012654
21/04/2018;0,016288
22/04/2018;0,073865
23/04/2018;-0,084473
24/04/2018;0,045007
25/04/2018;-0,037726
26/04/2018;0,045169
27/04/2018;0,005925
28/04/2018;-0,017002
29/04/2018;-0,018681
30/04/2018;0,016922
01/05/2018;0,054062
02/05/2018;-0,004673
03/05/2018;0,014969
04/05/2018;-0,020624
05/05/2018;-0,028085
06/05/2018;-0,019563
07/05/2018;0,013504
08/05/2018;-0,031489
09/05/2018;-0,07007
10/05/2018;0,007768
11/05/2018;0,025913
12/05/2018;-0,004207
13/05/2018;-0,022474
14/05/2018;-0,016093
15/05/2018;-0,033354
16/05/2018;0,021678
17/05/2018;0,000161
18/05/2018;0,03382
19/05/2018;-0,013373
20/05/2018;-0,052033
21/05/2018;-0,062863
22/05/2018;0,010466
23/05/2018;-0,014526
24/05/2018;-0,016224
25/05/2018;0,000974
26/05/2018;-0,033612
27/05/2018;0,04878
28/05/2018;-0,010994
29/05/2018;0,014653
30/05/2018;0,003778
31/05/2018;0,014856
01/06/2018;0,009958
02/06/2018;-0,028452
03/06/2018;0,01668
04/06/2018;0,004236
05/06/2018;0,004989
06/06/2018;-0,009472
07/06/2018;-0,015036
08/06/2018;-0,103676
09/06/2018;0,016639
10/06/2018;-0,049165
11/06/2018;-0,03832
12/06/2018;0,051399
13/06/2018;-0,037819
14/06/2018;0,016495
15/06/2018;-0,006993
16/06/2018;0,039031
17/06/2018;0,003933
18/06/2018;0,002961
19/06/2018;-0,006027
20/06/2018;-0,104882
21/06/2018;0,018837
22/06/2018;-0,001422
23/06/2018;0,01652
24/06/2018;-0,027852
25/06/2018;0,008697
26/06/2018;-0,045008
27/06/2018;0,055089
28/06/2018;0,028849
29/06/2018;-0,007284
30/06/2018;0,042712
01/07/2018;-0,016165
02/07/2018;0,012288
03/07/2018;-0,008419
04/07/2018;0,010232
05/07/2018;0,023363
06/07/2018;-0,00753
07/07/2018;-0,005762
08/07/2018;-0,05581
09/07/2018;0,01378
10/07/2018;-0,022259
11/07/2018;-0,003808
12/07/2018;0,006228
13/07/2018;0,015121
14/07/2018;0,057444
15/07/2018;0,083384
16/07/2018;0,007708
17/07/2018;0,012666
18/07/2018;-0,019387
19/07/2018;0,009698
20/07/2018;-0,000913
21/07/2018;0,042259
22/07/2018;0,084179
23/07/2018;-0,027237
24/07/2018;-0,02893
25/07/2018;0,030479
26/07/2018;0,005846
27/07/2018;-0,001713
28/07/2018;-0,004968
29/07/2018;-0,055416
30/07/2018;-0,016213
31/07/2018;-0,009049
01/08/2018;-0,016677
02/08/2018;-0,055393
03/08/2018;0,003485
04/08/2018;-0,013813
05/08/2018;-0,032569
06/08/2018;-0,067397
07/08/2018;0,040263
08/08/2018;-0,061426
09/08/2018;0,014381
10/08/2018;0,012794
11/08/2018;-0,00949
12/08/2018;-0,010206
13/08/2018;0,011964
14/08/2018;0,007873
15/08/2018;0,041407
16/08/2018;-0,02854
17/08/2018;0,014948
18/08/2018;-0,036377
19/08/2018;0,034673
20/08/2018;-0,019442
21/08/2018;0,026785
22/08/2018;0,025667
23/08/2018;0,006033
24/08/2018;-0,0043
25/08/2018;0,028621
26/08/2018;0,025081
27/08/2018;-0,005569
28/08/2018;-0,007578
29/08/2018;0,004021
30/08/2018;0,024807
31/08/2018;0,013485
01/09/2018;-0,004284
02/09/2018;0,013636
03/09/2018;-0,094541
04/09/2018;-0,028686
05/09/2018;-0,016035
06/09/2018;-0,033562
07/09/2018;0,007858
08/09/2018;0,011987
09/09/2018;-0,004578
10/09/2018;0,006581
11/09/2018;0,024148
12/09/2018;-0,000923
13/09/2018;0,005546
14/09/2018;-0,003016
15/09/2018;-0,037761
16/09/2018;0,013477
17/09/2018;0,008216
18/09/2018;0,016599
19/09/2018;0,038618
20/09/2018;-0,006745
21/09/2018;-0,002072
22/09/2018;-0,017939
23/09/2018;-0,022393
24/09/2018;0,003854
25/09/2018;0,034003
26/09/2018;-0,007619
27/09/2018;-0,004778
28/09/2018;0,003018
29/09/2018;-0,004347
30/09/2018;-0,010596
01/10/2018;-0,005102
02/10/2018;0,013392
03/10/2018;0,008035
04/10/2018;-0,006493
05/10/2018;0,0017
06/10/2018;0,007383
07/10/2018;-0,002753
08/10/2018;-0,007677
09/10/2018;-0,058122
10/10/2018;0,006642
11/10/2018;0,002623
12/10/2018;0,001668
13/10/2018;0,051932
14/10/2018;-0,004442
15/10/2018;-0,001297
16/10/2018;-0,013136
17/10/2018;-0,003001
18/10/2018;0,003284
19/10/2018;0,002971
20/10/2018;-0,004101
21/10/2018;-0,002009
22/10/2018;0,000931
23/10/2018;-0,002084
24/10/2018;-0,000861
25/10/2018;0,002005
26/10/2018;0,000088
27/10/2018;-0,024535
29/10/2018;-0,000761
30/10/2018;0,005296
31/10/2018;0,006081
01/11/2018;0,002091
02/11/2018;-0,002872
03/11/2018;0,014129
04/11/2018;-0,005164
05/11/2018;0,007121
06/11/2018;0,007681
07/11/2018;-0,012889
08/11/2018;-0,010616
09/11/2018;0,002878
10/11/2018;0,001845
11/11/2018;-0,005179
12/11/2018;-0,005649
13/11/2018;-0,099033
14/11/2018;-0,016502
15/11/2018;-0,010901
16/11/2018;-0,003107
17/11/2018;0,008283
18/11/2018;-0,15487
19/11/2018;-0,079556
20/11/2018;0,03348
21/11/2018;-0,061129
22/11/2018;0,005249
23/11/2018;-0,119522
24/11/2018;0,038191
25/11/2018;-0,056394
26/11/2018;0,010095
27/11/2018;0,109069
28/11/2018;0,005413
29/11/2018;-0,066806
30/11/2018;0,045771
01/12/2018;-0,012852
02/12/2018;-0,068009
03/12/2018;0,019702
04/12/2018;-0,054896
05/12/2018;-0,069905
06/12/2018;-0,018712
07/12/2018;0,011771
08/12/2018;0,037365
09/12/2018;-0,035607
10/12/2018;-0,01926
11/12/2018;0,024562
12/12/2018;-0,053168
13/12/2018;-0,021293
14/12/2018;-0,000918
15/12/2018;0,007047
16/12/2018;0,086132
17/12/2018;0,04617
18/12/2018;0,005553
19/12/2018;0,10197
20/12/2018;-0,059459
21/12/2018;0,036869
22/12/2018;-0,009341
23/12/2018;0,018375
24/12/2018;-0,062476
25/12/2018;0,003657
26/12/2018;-0,054101
27/12/2018;0,079518
28/12/2018;-0,038947
29/12/2018;0,025777
30/12/2018;-0,038945
31/12/2018;0,034814
01/01/2019;0,020625
02/01/2019;-0,032105
03/01/2019;0,009909
04/01/2019;-0,004831
05/01/2019;0,06221
06/01/2019;-0,012866
07/01/2019;-0,002385
08/01/2019;0,001877
09/01/2019;-0,09862
10/01/2019;0,000286
11/01/2019;-0,001315
12/01/2019;-0,031362
13/01/2019;0,042089
14/01/2019;-0,02257
15/01/2019;0,006263
16/01/2019;0,011273
17/01/2019;-0,010159
18/01/2019;0,022156
19/01/2019;-0,04442
20/01/2019;0,001174
21/01/2019;0,008397
22/01/2019;-0,008361
23/01/2019;0,007383
24/01/2019;-0,004353
25/01/2019;0,003791
26/01/2019;-0,008775
27/01/2019;-0,031821
28/01/2019;-0,010236
29/01/2019;0,014222
30/01/2019;-0,009587
31/01/2019;0,007976
01/02/2019;0,0135
02/02/2019;-0,016976
03/02/2019;-0,005342
04/02/2019;0,004774
05/02/2019;-0,015424
06/02/2019;-0,005778
07/02/2019;0,080978
08/02/2019;-0,002125
09/02/2019;0,008962
10/02/2019;-0,02023
11/02/2019;0,001679
12/02/2019;-0,003195
13/02/2019;-0,004768
14/02/2019;0,001328
15/02/2019;0,006587
16/02/2019;0,014731
17/02/2019;0,063752
18/02/2019;0,002978
19/02/2019;0,012613
20/02/2019;-0,009357
21/02/2019;0,011739
22/02/2019;0,040721
23/02/2019;-0,095384
24/02/2019;0,019402
25/02/2019;-0,007211
26/02/2019;0,003358
27/02/2019;-0,001921
28/02/2019;0,002119
01/03/2019;0,002987
02/03/2019;-0,008002
03/03/2019;-0,021484
04/03/2019;0,037583
05/03/2019;0,000206
06/03/2019;0,001967
07/03/2019;-0,003765
08/03/2019;0,020401
09/03/2019;-0,004545
10/03/2019;-0,014081
11/03/2019;0,003524
12/03/2019;-0,002609
13/03/2019;0,000773
14/03/2019;0,01169
15/03/2019;0,025128
16/03/2019;-0,00723
17/03/2019;-0,002291
18/03/2019;0,008808
19/03/2019;0,008071
20/03/2019;-0,014856
21/03/2019;0,000978
22/03/2019;0,001591
23/03/2019;-0,003274
24/03/2019;-0,017569
25/03/2019;0,004492
26/03/2019;0,02598
27/03/2019;-0,002358
28/03/2019;0,018393
29/03/2019;0,00164
30/03/2019;-0,001322
31/03/2019;0,009349
31/03/2019;0,167222
01/04/2019;0,014096
02/04/2019;-0,012787
03/04/2019;0,026882
04/04/2019;0,001983
05/04/2019;0,028059
06/04/2019;0,017709
07/04/2019;-0,017683
08/04/2019;0,022302
09/04/2019;-0,052107
10/04/2019;0,006503
11/04/2019;-0,000165
12/04/2019;0,016578
13/04/2019;-0,025155
14/04/2019;0,034255
15/04/2019;0,004488
16/04/2019;0,010164
17/04/2019;0,001092
18/04/2019;0,005771
19/04/2019;-0,003845
20/04/2019;0,016622
21/04/2019;0,026421
22/04/2019;-0,015376
23/04/2019;-0,055002
24/04/2019;0,017069
26/04/2019;
